CPU Time;User Time;
14.261833;14.261969;
